Year,Mean_Price_USD_per_Metric_Ton
2004,250.78
2005,287.08
2006,310.95
2007,319.55
2008,577.13
2009,614.33
2010,485.97
2011,440.63
2012,390.85
2013,430.33
2014,481.25
2015,495.75
2016,517.6
2017,470.5
2018,423.25
2019,395.08
2020,413.42
2021,438.17
2022,422.75
2023,419.83
